-- MySQL Script generated by MySQL Workbench
-- Thu Dec  3 18:34:49 2015
-- Model: New Model    Version: 1.0
-- MySQL Workbench Forward Engineering

SET @OLD_UNIQUE_CHECKS=@@UNIQUE_CHECKS, UNIQUE_CHECKS=0;
SET @OLD_FOREIGN_KEY_CHECKS=@@FOREIGN_KEY_CHECKS, FOREIGN_KEY_CHECKS=0;
SET @OLD_SQL_MODE=@@SQL_MODE, SQL_MODE='TRADITIONAL,ALLOW_INVALID_DATES';

-- -----------------------------------------------------
-- Schema sportChirp
-- -----------------------------------------------------

-- -----------------------------------------------------
-- Schema sportChirp
-- -----------------------------------------------------
CREATE SCHEMA IF NOT EXISTS `sportChirp` DEFAULT CHARACTER SET utf8 COLLATE utf8_general_ci ;
USE `sportChirp` ;

-- -----------------------------------------------------
-- Table `sportChirp`.`org`
-- -----------------------------------------------------
DROP TABLE IF EXISTS `sportChirp`.`org` ;

CREATE TABLE IF NOT EXISTS `sportChirp`.`org` (
  `orgID` INT NOT NULL,
  `orgAddress` VARCHAR(45) NULL,
  `orgCity` VARCHAR(45) NULL,
  `orgState` VARCHAR(45) NULL,
  `orgZip` INT NULL,
  `orgRegion` VARCHAR(45) NULL,
  `country` VARCHAR(45) NULL,
  `orgPhone` INT NULL,
  `webURL` VARCHAR(45) NULL,
  `admissionsURL` VARCHAR(45) NULL,
  `orgName` VARCHAR(45) NULL,
  PRIMARY KEY (`orgID`))
ENGINE = InnoDB;


-- -----------------------------------------------------
-- Table `sportChirp`.`sport`
-- -----------------------------------------------------
DROP TABLE IF EXISTS `sportChirp`.`sport` ;

CREATE TABLE IF NOT EXISTS `sportChirp`.`sport` (
  `sportID` INT NOT NULL,
  `name` VARCHAR(45) NULL,
  PRIMARY KEY (`sportID`))
ENGINE = InnoDB;


-- -----------------------------------------------------
-- Table `sportChirp`.`team`
-- -----------------------------------------------------
DROP TABLE IF EXISTS `sportChirp`.`team` ;

CREATE TABLE IF NOT EXISTS `sportChirp`.`team` (
  `teamID` INT NOT NULL,
  `teamName` VARCHAR(45) NULL,
  `gender` VARCHAR(45) NULL,
  `level` VARCHAR(45) NULL,
  `division` VARCHAR(45) NULL,
  `address` VARCHAR(45) NULL,
  `city` VARCHAR(45) NULL,
  `state` VARCHAR(45) NULL,
  `zip` INT NULL,
  `region` VARCHAR(45) NULL,
  `country` VARCHAR(45) NULL,
  `phone` INT NULL,
  `email` VARCHAR(45) NULL,
  `website` VARCHAR(45) NULL,
  `headCoachID` INT NOT NULL,
  `org_orgID` INT NOT NULL,
  `sport_sportID` INT NOT NULL,
  `age` VARCHAR(45) NULL,
  `conference` VARCHAR(45) NULL,
  PRIMARY KEY (`teamID`),
  INDEX `fk_team_org_idx` (`org_orgID` ASC),
  INDEX `fk_team_sport1_idx` (`sport_sportID` ASC),
  CONSTRAINT `fk_team_org`
    FOREIGN KEY (`org_orgID`)
    REFERENCES `sportChirp`.`org` (`orgID`)
    ON DELETE NO ACTION
    ON UPDATE NO ACTION,
  CONSTRAINT `fk_team_sport1`
    FOREIGN KEY (`sport_sportID`)
    REFERENCES `sportChirp`.`sport` (`sportID`)
    ON DELETE NO ACTION
    ON UPDATE NO ACTION)
ENGINE = InnoDB;


-- -----------------------------------------------------
-- Table `sportChirp`.`coach`
-- -----------------------------------------------------
DROP TABLE IF EXISTS `sportChirp`.`coach` ;

CREATE TABLE IF NOT EXISTS `sportChirp`.`coach` (
  `coachID` INT NOT NULL,
  `coachFName` VARCHAR(45) NULL,
  `coachLName` VARCHAR(45) NULL,
  `team_teamID` INT NOT NULL,
  PRIMARY KEY (`coachID`),
  INDEX `fk_coach_team1_idx` (`team_teamID` ASC),
  CONSTRAINT `fk_coach_team1`
    FOREIGN KEY (`team_teamID`)
    REFERENCES `sportChirp`.`team` (`teamID`)
    ON DELETE NO ACTION
    ON UPDATE NO ACTION)
ENGINE = InnoDB;


-- -----------------------------------------------------
-- Table `sportChirp`.`player`
-- -----------------------------------------------------
DROP TABLE IF EXISTS `sportChirp`.`player` ;

CREATE TABLE IF NOT EXISTS `sportChirp`.`player` (
  `playerID` INT NOT NULL,
  `playerFName` VARCHAR(45) NULL,
  `playerLName` VARCHAR(45) NULL,
  PRIMARY KEY (`playerID`))
ENGINE = InnoDB;


-- -----------------------------------------------------
-- Table `sportChirp`.`player_has_team`
-- -----------------------------------------------------
DROP TABLE IF EXISTS `sportChirp`.`player_has_team` ;

CREATE TABLE IF NOT EXISTS `sportChirp`.`player_has_team` (
  `player_playerID` INT NOT NULL,
  `team_teamID` INT NOT NULL,
  PRIMARY KEY (`player_playerID`, `team_teamID`),
  INDEX `fk_player_has_team_team1_idx` (`team_teamID` ASC),
  INDEX `fk_player_has_team_player1_idx` (`player_playerID` ASC),
  CONSTRAINT `fk_player_has_team_player1`
    FOREIGN KEY (`player_playerID`)
    REFERENCES `sportChirp`.`player` (`playerID`)
    ON DELETE NO ACTION
    ON UPDATE NO ACTION,
  CONSTRAINT `fk_player_has_team_team1`
    FOREIGN KEY (`team_teamID`)
    REFERENCES `sportChirp`.`team` (`teamID`)
    ON DELETE NO ACTION
    ON UPDATE NO ACTION)
ENGINE = InnoDB;


-- -----------------------------------------------------
-- Table `sportChirp`.`review`
-- -----------------------------------------------------
DROP TABLE IF EXISTS `sportChirp`.`review` ;

CREATE TABLE IF NOT EXISTS `sportChirp`.`review` (
  `reviewID` INT NOT NULL,
  `content` VARCHAR(45) NULL,
  `typeID` INT NULL,
  `org_orgID` INT NULL,
  `player_playerID` INT NULL,
  `coach_coachID` INT NULL,
  `team_teamID` INT NULL,
  PRIMARY KEY (`reviewID`),
  INDEX `fk_review_org1_idx` (`org_orgID` ASC),
  INDEX `fk_review_player1_idx` (`player_playerID` ASC),
  INDEX `fk_review_coach1_idx` (`coach_coachID` ASC),
  INDEX `fk_review_team1_idx` (`team_teamID` ASC),
  CONSTRAINT `fk_review_org1`
    FOREIGN KEY (`org_orgID`)
    REFERENCES `sportChirp`.`org` (`orgID`)
    ON DELETE NO ACTION
    ON UPDATE NO ACTION,
  CONSTRAINT `fk_review_player1`
    FOREIGN KEY (`player_playerID`)
    REFERENCES `sportChirp`.`player` (`playerID`)
    ON DELETE NO ACTION
    ON UPDATE NO ACTION,
  CONSTRAINT `fk_review_coach1`
    FOREIGN KEY (`coach_coachID`)
    REFERENCES `sportChirp`.`coach` (`coachID`)
    ON DELETE NO ACTION
    ON UPDATE NO ACTION,
  CONSTRAINT `fk_review_team1`
    FOREIGN KEY (`team_teamID`)
    REFERENCES `sportChirp`.`team` (`teamID`)
    ON DELETE NO ACTION
    ON UPDATE NO ACTION)
ENGINE = InnoDB;


SET SQL_MODE=@OLD_SQL_MODE;
SET FOREIGN_KEY_CHECKS=@OLD_FOREIGN_KEY_CHECKS;
SET UNIQUE_CHECKS=@OLD_UNIQUE_CHECKS;

-- -----------------------------------------------------
-- Data for table `sportChirp`.`org`
-- -----------------------------------------------------
START TRANSACTION;
USE `sportChirp`;
INSERT INTO `sportChirp`.`org` (`orgID`, `orgAddress`, `orgCity`, `orgState`, `orgZip`, `orgRegion`, `country`, `orgPhone`, `webURL`, `admissionsURL`, `orgName`) VALUES (00001, '1 Selig Circle', 'Athens', 'GA', 30602, 'Southeast', 'United States', 7065429036, 'www.uga.edu', 'uga.edu', 'University of Georgia');
INSERT INTO `sportChirp`.`org` (`orgID`, `orgAddress`, `orgCity`, `orgState`, `orgZip`, `orgRegion`, `country`, `orgPhone`, `webURL`, `admissionsURL`, `orgName`) VALUES (00002, 'North Ave NW', 'Atlanta', 'GA', 30332, 'Southeast', 'United States', 4048942000, 'www.gatech.edu', 'www.gatech.edu', 'Georgia Institute of Technology');
INSERT INTO `sportChirp`.`org` (`orgID`, `orgAddress`, `orgCity`, `orgState`, `orgZip`, `orgRegion`, `country`, `orgPhone`, `webURL`, `admissionsURL`, `orgName`) VALUES (00003, '5405 Spalding Dr', 'Norcross', 'GA', 30092, 'Southeast', 'United States', 7704487640, 'www.wesleyanschool.org', 'www.wesleyanschool.org', NULL);

COMMIT;


-- -----------------------------------------------------
-- Data for table `sportChirp`.`sport`
-- -----------------------------------------------------
START TRANSACTION;
USE `sportChirp`;
INSERT INTO `sportChirp`.`sport` (`sportID`, `name`) VALUES (001, 'Football');
INSERT INTO `sportChirp`.`sport` (`sportID`, `name`) VALUES (002, 'Baseball');
INSERT INTO `sportChirp`.`sport` (`sportID`, `name`) VALUES (003, 'Volleyball');

COMMIT;


-- -----------------------------------------------------
-- Data for table `sportChirp`.`team`
-- -----------------------------------------------------
START TRANSACTION;
USE `sportChirp`;
INSERT INTO `sportChirp`.`team` (`teamID`, `teamName`, `gender`, `level`, `division`, `address`, `city`, `state`, `zip`, `region`, `country`, `phone`, `email`, `website`, `headCoachID`, `org_orgID`, `sport_sportID`, `age`, `conference`) VALUES (00001, 'Georgia Football', 'Male', 'College', 'Division 1', '1 Selig Circle', 'Athens', 'GA', 30602, 'Southeast', 'United States', 7065421231, 'ahunt@sports.uga.edu', 'www.georgiadogs.com', 00001, 00001, 001, '18-22', 'SEC');
INSERT INTO `sportChirp`.`team` (`teamID`, `teamName`, `gender`, `level`, `division`, `address`, `city`, `state`, `zip`, `region`, `country`, `phone`, `email`, `website`, `headCoachID`, `org_orgID`, `sport_sportID`, `age`, `conference`) VALUES (00002, 'Georgia Tech Baseball', 'Male', 'College', 'Division 1', '255 5th St NW', 'Atlanta', 'GA', 30332, 'Southeast', 'United States', 4048945471, 'dhall@athletics.gatech.edu', 'www.ramblinwreck.com', 00002, 00002, 002, '18-22', 'ACC');
INSERT INTO `sportChirp`.`team` (`teamID`, `teamName`, `gender`, `level`, `division`, `address`, `city`, `state`, `zip`, `region`, `country`, `phone`, `email`, `website`, `headCoachID`, `org_orgID`, `sport_sportID`, `age`, `conference`) VALUES (00003, 'Wesleyan Volleyball', 'Female', 'High School', 'AA', '5405 Spalding Dr', 'Norcross', 'GA', 30092, 'Southeast', 'United States', 7704487640, 'jazar@wesleyanschool.org', 'http://www.wesleyanschool.org/athletic-center/teampage.aspx?TeamID=1221', 00003, 00003, 003, '14-18', NULL);

COMMIT;


-- -----------------------------------------------------
-- Data for table `sportChirp`.`coach`
-- -----------------------------------------------------
START TRANSACTION;
USE `sportChirp`;
INSERT INTO `sportChirp`.`coach` (`coachID`, `coachFName`, `coachLName`, `team_teamID`) VALUES (00001, 'Mark', 'Richt', 00001);
INSERT INTO `sportChirp`.`coach` (`coachID`, `coachFName`, `coachLName`, `team_teamID`) VALUES (00002, 'Danny ', 'Hall', 00002);
INSERT INTO `sportChirp`.`coach` (`coachID`, `coachFName`, `coachLName`, `team_teamID`) VALUES (00003, 'Ted', 'Russell', 00003);

COMMIT;


-- -----------------------------------------------------
-- Data for table `sportChirp`.`player`
-- -----------------------------------------------------
START TRANSACTION;
USE `sportChirp`;
INSERT INTO `sportChirp`.`player` (`playerID`, `playerFName`, `playerLName`) VALUES (0000001, 'Grayson', 'Lambert');
INSERT INTO `sportChirp`.`player` (`playerID`, `playerFName`, `playerLName`) VALUES (0000002, 'Carter', 'Hall');
INSERT INTO `sportChirp`.`player` (`playerID`, `playerFName`, `playerLName`) VALUES (0000003, 'Jane', 'Doe');

COMMIT;


-- -----------------------------------------------------
-- Data for table `sportChirp`.`review`
-- -----------------------------------------------------
START TRANSACTION;
USE `sportChirp`;
INSERT INTO `sportChirp`.`review` (`reviewID`, `content`, `typeID`, `org_orgID`, `player_playerID`, `coach_coachID`, `team_teamID`) VALUES (0000001, 'Bad player', 01, 00001, 00001, 00001, 00001);
INSERT INTO `sportChirp`.`review` (`reviewID`, `content`, `typeID`, `org_orgID`, `player_playerID`, `coach_coachID`, `team_teamID`) VALUES (0000002, 'Bad coach', 02, 00002, NULL, 00002, 00002);
INSERT INTO `sportChirp`.`review` (`reviewID`, `content`, `typeID`, `org_orgID`, `player_playerID`, `coach_coachID`, `team_teamID`) VALUES (0000003, 'Bad team', 03, 00003, NULL, 00003, 00003);

COMMIT;
